{"RuleTriggered": 1, "Violations": 7, "Details": {"pin_memory": false, "num_workers": 1, "cores": 4, "dataloaders": 1, "dataloading_time": {"p25": 0.435147, "p50": 9.290664, "p95": 73.33433695, "probs": [9, 1, 0, 0, 0, 0, 0, 0, 5, 0, 0, 0, 0, 0, 0, 0, 0, 0, 0, 0, 0, 2, 0, 0, 0, 0, 0, 0, 0, 0, 0, 0, 0, 0, 0, 0, 0, 0, 0, 0, 0, 0, 0, 0, 0, 0, 0, 0, 0, 0, 0, 0, 0, 0, 0, 0, 0, 0, 0, 0, 0, 0, 0, 0, 0, 4, 1, 0, 1, 0, 0, 0, 0, 0, 0, 0, 0, 0, 0, 0, 0, 0, 0, 0, 0, 0, 0, 0, 0, 0, 0, 0, 0, 0, 0, 0, 0, 0, 0, 1], "binedges": [0.003304, 1.08140868, 2.15951336, 3.23761804, 4.31572272, 5.3938274, 6.47193208, 7.55003676, 8.62814144, 9.70624612, 10.7843508, 11.862455480000001, 12.94056016, 14.01866484, 15.09676952, 16.1748742, 17.25297888, 18.33108356, 19.40918824, 20.48729292, 21.5653976, 22.64350228, 23.721606960000003, 24.79971164, 25.87781632, 26.955921, 28.03402568, 29.112130360000002, 30.19023504, 31.26833972, 32.3464444, 33.42454908, 34.50265376, 35.580758440000004, 36.65886312, 37.7369678, 38.81507248, 39.89317716, 40.97128184, 42.04938652, 43.1274912, 44.205595880000004, 45.28370056, 46.36180524, 47.439909920000005, 48.5180146, 49.59611928, 50.67422396, 51.75232864, 52.830433320000004, 53.908538, 54.98664268, 56.06474736, 57.14285204, 58.220956720000004, 59.2990614, 60.37716608, 61.455270760000005, 62.53337544, 63.61148012, 64.6895848, 65.76768948, 66.84579416, 67.92389884, 69.00200352, 70.0801082, 71.15821288000001, 72.23631756, 73.31442224, 74.39252692000001, 75.4706316, 76.54873628, 77.62684096, 78.70494564, 79.78305032, 80.861155, 81.93925968, 83.01736436, 84.09546904, 85.17357372000001, 86.2516784, 87.32978308, 88.40788776000001, 89.48599244, 90.56409712, 91.64220180000001, 92.72030648, 93.79841116, 94.87651584000001, 95.95462052, 97.0327252, 98.11082988, 99.18893456, 100.26703924, 101.34514392, 102.42324860000001, 103.50135328, 104.57945796, 105.65756264000001, 106.73566732, 107.813772]}}, "Datapoints": 24, "RuleParameters": "min_threshold:70\nmax_threshold:200"}