{"RuleTriggered": 126, "Violations": 126, "Details": {"algo-1": {"gpu0": {"increase": 7.055555555555557, "gpu_max": 99.0, "p05": 0.0, "p25": 0.0, "p50": 0.0, "p75": 1.0, "p95": 89.79999999999995, "upper": 2.5, "lower": 0.0}}, "last_timestamp": 1765999680000000}, "Datapoints": 1569, "RuleParameters": "increase:5\npatience:1000\nwindow:10"}