{"RuleTriggered": 0, "Violations": 50, "Details": {"low_gpu_utilization": 1214, "bottlenecks": {"1765998966.500999": {"GPUs": 1, "CPUs": 2}, "1765998967.501314": {"GPUs": 1, "CPUs": 2}, "1765998968.501761": {"GPUs": 1, "CPUs": 1}, "1765999023.501588": {"GPUs": 1, "CPUs": 1}, "1765999029.001026": {"GPUs": 1, "CPUs": 1}, "1765999062.001312": {"GPUs": 1, "CPUs": 1}, "1765999063.500973": {"GPUs": 1, "CPUs": 1}, "1765999064.001213": {"GPUs": 1, "CPUs": 1}, "1765999065.001627": {"GPUs": 1, "CPUs": 1}, "1765999249.501743": {"GPUs": 1, "CPUs": 1}, "1765999253.501776": {"GPUs": 1, "CPUs": 1}, "1765999254.000963": {"GPUs": 1, "CPUs": 1}, "1765999254.501416": {"GPUs": 1, "CPUs": 1}, "1765999255.001502": {"GPUs": 1, "CPUs": 1}, "1765999261.001584": {"GPUs": 1, "CPUs": 1}, "1765999266.501557": {"GPUs": 1, "CPUs": 1}, "1765999267.001559": {"GPUs": 1, "CPUs": 1}, "1765999267.501719": {"GPUs": 1, "CPUs": 2}, "1765999270.001081": {"GPUs": 1, "CPUs": 1}, "1765999270.50142": {"GPUs": 1, "CPUs": 1}, "1765999272.000891": {"GPUs": 1, "CPUs": 1}, "1765999282.001133": {"GPUs": 1, "CPUs": 1}, "1765999283.000881": {"GPUs": 1, "CPUs": 1}, "1765999283.501427": {"GPUs": 1, "CPUs": 1}, "1765999286.001284": {"GPUs": 1, "CPUs": 1}, "1765999288.001611": {"GPUs": 1, "CPUs": 1}, "1765999289.000867": {"GPUs": 1, "CPUs": 1}, "1765999289.501045": {"GPUs": 1, "CPUs": 1}, "1765999290.000767": {"GPUs": 1, "CPUs": 1}, "1765999290.501248": {"GPUs": 1, "CPUs": 1}, "1765999291.001585": {"GPUs": 1, "CPUs": 1}, "1765999381.50116": {"GPUs": 1, "CPUs": 1}, "1765999382.001053": {"GPUs": 1, "CPUs": 1}, "1765999382.50142": {"GPUs": 1, "CPUs": 1}, "1765999383.001283": {"GPUs": 1, "CPUs": 1}, "1765999383.501309": {"GPUs": 1, "CPUs": 1}, "1765999384.501698": {"GPUs": 1, "CPUs": 1}, "1765999385.000896": {"GPUs": 1, "CPUs": 1}, "1765999385.501331": {"GPUs": 1, "CPUs": 1}, "1765999387.001465": {"GPUs": 1, "CPUs": 1}, "1765999387.501617": {"GPUs": 1, "CPUs": 1}, "1765999388.000929": {"GPUs": 1, "CPUs": 1}, "1765999388.501149": {"GPUs": 1, "CPUs": 1}, "1765999389.00133": {"GPUs": 1, "CPUs": 1}, "1765999389.500752": {"GPUs": 1, "CPUs": 1}, "1765999392.500735": {"GPUs": 1, "CPUs": 1}, "1765999658.00141": {"GPUs": 1, "CPUs": 1}, "1765999659.000962": {"GPUs": 1, "CPUs": 1}, "1765999660.001356": {"GPUs": 1, "CPUs": 1}, "1765999660.501426": {"GPUs": 1, "CPUs": 1}}}, "Datapoints": 1571, "RuleParameters": "threshold:50\nio_threshold:50\ngpu_threshold:10\npatience:1000"}