{"RuleTriggered": 0, "Violations": 0, "Details": {"step_num": {"first": 1765999264739211, "last": 1765999728192997}, "job_start": 1765998955.500756, "job_end": 1765999739.501829}, "Datapoints": 390, "RuleParameters": "threshold:20"}