{"RuleTriggered": 0, "Violations": 0, "Details": {"ratio": {"gpu_functions-dev:0": 52.195716363932256, "cpu_functions": 47.80428363606775}, "phase": {"Step:ModeKeys.TRAIN": 12.412389205644098, "others": 73.29519294919955, "Step:ModeKeys.EVAL": 14.292417845156349}, "phase_time": {}, "CPU": {"aten::conv2d": 19.110436649701988, "aten::convolution": 18.87622042038992, "aten::_convolution": 18.80873565821319, "aten::cudnn_convolution": 18.77970033044076, "aten::to": 6.670555388582184, "aten::copy_": 6.664175942014265, "aten::linear": 2.439777191844632, "aten::addmm": 2.415945327830705, "enumerate(DataLoader)#_MultiProcessingDataLoaderIter.__next__": 6.234453090982356}, "CPU_total": {"aten::conv2d": 9181594, "aten::convolution": 9069065, "aten::_convolution": 9036642, "aten::cudnn_convolution": 9022692, "aten::to": 3204863, "aten::copy_": 3201798, "aten::linear": 1172189, "aten::addmm": 1160739, "enumerate(DataLoader)#_MultiProcessingDataLoaderIter.__next__": 2995338}, "GPU": {"aten::conv2d": 19.56200465759333, "aten::convolution": 19.52922745895875, "aten::_convolution": 19.525444446228903, "aten::cudnn_convolution": 19.520811640129658, "aten::to": 5.884580377094757, "aten::copy_": 5.881555494629296, "aten::linear": 2.1882637577583983, "aten::addmm": 2.1879677623151244, "enumerate(DataLoader)#_MultiProcessingDataLoaderIter.__next__": 5.72014440529178}, "GPU_total": {"aten::conv2d": 10243775, "aten::convolution": 10226611, "aten::_convolution": 10224630, "aten::cudnn_convolution": 10222204, "aten::to": 3081500, "aten::copy_": 3079916, "aten::linear": 1145899, "aten::addmm": 1145744, "enumerate(DataLoader)#_MultiProcessingDataLoaderIter.__next__": 2995392}, "general": {"DataLoaderIterInitialize": 0.051917734637536565, "DataLoaderIter": 0.561010578701898, "Forward": 10.556778637439972, "DataLoaderWorker": 88.8302930492206}}, "Datapoints": 0, "RuleParameters": ""}