{"RuleTriggered": 0, "Violations": 0, "Details": {"step_details": {"algo-1-43": {"step_stats": {"mean": 0.12399069659442724, "max": 15.587263, "p99": 0.04013797999999998, "p95": 0.034833, "p50": 0.026837, "min": 0.021334}, "number_of_outliers": 2, "phase": "Step:ModeKeys.EVAL", "stddev": 1.22, "probs": [1, 3, 2, 2, 3, 1, 1, 1, 0, 1, 1, 7, 7, 4, 4, 13, 16, 16, 16, 15, 3, 7, 10, 10, 20, 32, 20, 3, 9, 0, 1, 3, 3, 4, 5, 1, 3, 2, 3, 3, 3, 2, 3, 2, 5, 2, 2, 0, 2, 2, 0, 0, 1, 2, 4, 6, 5, 3, 2, 3, 2, 3, 1, 2, 0, 1, 0, 0, 0, 0, 0, 1, 0, 0, 0, 0, 2, 0, 0, 0, 1, 0, 1, 0, 0, 1, 0, 0, 0, 0, 0, 0, 0, 0, 0, 0, 0, 0, 0, 1], "binedges": [0.021334, 0.021555829999999998, 0.021777659999999997, 0.02199949, 0.02222132, 0.02244315, 0.022664979999999998, 0.02288681, 0.02310864, 0.02333047, 0.023552299999999998, 0.023774129999999997, 0.02399596, 0.02421779, 0.02443962, 0.024661449999999998, 0.02488328, 0.02510511, 0.02532694, 0.02554877, 0.025770599999999998, 0.025992429999999997, 0.02621426, 0.02643609, 0.026657919999999998, 0.02687975, 0.02710158, 0.02732341, 0.02754524, 0.027767069999999998, 0.027988899999999997, 0.02821073, 0.02843256, 0.02865439, 0.02887622, 0.02909805, 0.02931988, 0.02954171, 0.029763539999999998, 0.029985369999999997, 0.0302072, 0.03042903, 0.03065086, 0.03087269, 0.03109452, 0.03131635, 0.03153818, 0.03176001, 0.03198184, 0.03220367, 0.032425499999999996, 0.03264733, 0.03286916, 0.03309099, 0.03331282, 0.03353465, 0.03375648, 0.03397831, 0.03420014, 0.034421969999999996, 0.0346438, 0.03486563, 0.03508746, 0.03530929, 0.03553112, 0.03575295, 0.03597478, 0.03619661, 0.036418439999999996, 0.03664027, 0.0368621, 0.03708393, 0.03730576, 0.03752759, 0.03774942, 0.03797125, 0.038193080000000004, 0.03841491, 0.03863674, 0.038858569999999995, 0.0390804, 0.03930223, 0.03952406, 0.03974589, 0.03996772, 0.040189550000000004, 0.04041138, 0.04063321, 0.040855039999999995, 0.04107687, 0.0412987, 0.04152053, 0.04174236, 0.04196419, 0.042186020000000005, 0.04240785, 0.04262968, 0.042851509999999995, 0.04307334, 0.04329517, 0.043517], "step_numbers": ["0", "0"]}}}, "Datapoints": 390, "RuleParameters": "threshold:3\nmode:None\nn_outliers:10\nstddev:3"}